0,1,2,3,4
0.7896352079092817,0.06871164058531616,-0.5020293465496635,-0.1490968206531876,22.71516032332333
0.6480097150801027,-0.21488087544857723,-1.6040658264389829,-0.2337506212261826,-42.94307937154257
-1.142611242304353,-0.4096912886909691,0.5436565629509635,0.8067210943883716,7.699827150481013
0.3861082263286159,-0.3414224117220646,-0.5913844321094768,-3.0591518774730573,-282.93057507573735
-1.0156114441037147,0.3218503271226745,0.6354937990035114,-0.5617303379725158,-84.29394330387194
0.3412045778013403,-1.2036812257165534,0.9366452484201343,1.437169104540799,81.90326083002644
0.15374846311626114,-2.041838170507067,-0.9633542153226162,-1.0793288575546596,-235.06207829855032
-0.5746236752503985,-1.0407425368167655,0.8917980736829273,-0.9100728627465358,-162.80689432520424
-1.0727839781644863,0.908591425090173,-0.5338947705738952,0.3893770117502898,-7.689782982432757
0.013194996190295067,0.42083563447409894,0.15663252024023816,1.124736241165622,137.0084601942628
1.1727941794146315,-0.612411482769068,0.14232609580034833,-1.2264905955949943,-79.81406450453815
-0.7964899469971882,1.3176507944064264,-2.133140843116981,0.15412774239708135,-2.572149769302108
-1.3388394116358566,-1.4201534686298576,2.9898413590080235,1.177854048787371,8.22857579740552
0.8569002179531418,-2.972019974731368,1.454936662454052,-0.5356041790436267,-143.5970332066148
1.2821796336247073,-0.8753267946130422,1.409049808443066,-1.0978618535702644,-13.793473152391762
0.30053033933354406,-1.1875383371207047,0.32400118294193164,-1.6918327115982512,-211.69586773290158
-0.44802689689012265,0.2654709784380788,-1.674883579302114,-1.680674875046507,-218.88259761221016
-1.2961329010419693,0.8097510757299876,0.5124797130383086,-1.1008718046653296,-122.10686064347239
-1.844118340184135,0.028473710663485426,2.2880925789983837,0.5735864944644616,-9.2123322583716
2.4854345012375347,-1.5040161924395365,1.3821530207876576,1.0671859699415285,214.79155131524274
0.8666846512967861,0.3484868009373451,0.2662186731756935,-1.1606935879328282,-6.734814203935311
-0.21146868015553344,-0.2375243570881843,1.7095792108682877,0.20990581800007396,45.77785400577231
0.5995944449497904,-0.3634864519903598,1.7589778753233132,1.3017819131104937,187.85345221523346
-1.1848326254995065,0.4425032044843898,1.4299506372039923,1.1069561788812792,101.27868801364464
1.1849741751758998,1.2012518814308684,-0.2541889239562529,1.3991387205247283,286.4017872606147
0.8291818721382622,-1.3540288774252571,0.2917819242322287,-0.029915802408826,-14.520073122764924
0.8908330462528969,0.736754872665149,0.7067701233538525,0.6183239939520541,197.39069791464348
0.2583712443727138,1.053214883200244,0.026716282915364774,0.2770428836225245,110.82265535654476
0.47864571339742473,0.5115769977492036,0.24109810985325927,-1.6800115450405582,-78.74765319438893
-0.2346137300691821,-0.2829494634527363,0.33957721396802687,0.442605800815851,8.2655796034663
-1.1912618783145896,0.05389303338843885,0.3645552580076419,-0.19239883093326388,-90.80458512892346
-1.5614686919407754,-0.17168506747737652,0.12159189423769041,-1.5692976318311371,-236.613694098108
1.0542436512947013,1.1936078548058862,0.8883859377921789,-1.1900820805016583,78.4611941712523
-0.37429850532393516,0.9654231467157472,0.9704727694409705,-0.4321249432347159,30.37479264089689
0.7238777519818943,0.4342464939878368,1.5322156112105423,-0.3991559806762176,98.99846860598947
0.32806763333317346,-1.867237757476004,-0.1930434424560015,0.8620155354728746,-30.58483607902342
-0.5544936059269585,0.6620606684887702,-1.0841937542908417,1.669689389029362,109.1525186590438
-0.6626473488064376,-1.658973818505637,-1.2879566717433246,0.5841364520373781,-123.98294921161039
-0.054994080012445774,0.24399732770643354,-0.19940400451554882,-1.2642049831450664,-112.01021020225949
-1.6730555953567692,0.17976135150022074,0.398020944363594,1.4492836782655738,41.12230482893167
-1.0578173755358748,0.9270174933939908,-0.4663558643120219,-1.2471074511664824,-141.30921879778032
0.7916548950384831,1.910532339861798,0.6106317729652314,-1.1760992658294616,86.46963434199846
-1.049502824110488,-0.21527024063342576,-0.08937437342537832,1.231132098442955,20.4666573651004
0.003612736397815153,0.9176779751528925,-0.5037931165478229,-0.1140853546235075,39.286515797039826
1.073943373444382,-1.4148752090671048,-0.2528686861783476,0.571278531863127,28.930662777083345
0.45012474811203623,-0.4591000687963224,-0.4345032865746104,1.9445118546059161,164.2239700488507
1.3912589889882612,-0.8952485212881868,1.1283479505897682,-0.5949508619073786,10.024381132581809
-0.35092578186814427,0.3739797419843187,0.47378945600960587,0.3375386931072908,56.20572733798185
-0.5568395957569278,-0.10252268488092574,1.7655158878185009,0.3339769144148563,17.631016559961555
-0.4888017024961285,-0.2906530559350451,-1.3407947107080174,-1.2449196757655048,-198.27079711395015
0.48136615356832957,-0.7988566250897935,-2.3025353594548688,1.7052287948899623,65.53642554679129
-1.136280019654816,-0.1660574972170149,1.3952313205889841,0.0789324377799956,-56.69142754286371
-0.18025003770293135,0.06448650349673474,0.8865367230712534,-2.498006366733672,-218.83116808494134
0.6263471384269529,0.43771791186372777,0.928691767593685,1.5546450954964746,234.63384857762424
0.9383965690970396,0.1468700197482758,-0.24440798165360453,0.9962142632966922,151.1404235710225
0.24288776578497556,-1.5442219443088985,-0.4360606054417506,-1.375856642982935,-208.48821596567325
1.211802585699782,-0.532886208300907,-1.077798477448269,-0.9643191239912123,-75.02627324218727
0.685124003370974,0.5931672731375546,1.4591465539684405,-0.003553797019436474,135.1795014108565
-0.06286219710502504,1.2721894916053444,1.2013478700191875,1.5762502876093345,252.66777366663763
0.8559743506479781,0.1491885495540444,0.5545488678907086,-2.5598474531351934,-123.78514155580237
-2.1515573059115196,-1.6005748616892739,1.5237341766412646,-0.5869781081487387,-247.03470333685706
-0.48864712052489806,0.3498918499573696,-0.5819715755573138,0.5993628660644355,32.781341988854045
-0.5666400057198699,-0.2924653981035342,0.10075216736974148,-0.5069009401494374,-88.07320900062612
0.99975641816164,0.5569923400862682,1.0612232294782324,-0.38666817841782447,86.92489645066094
2.5426347856321914,-0.17090598611759966,1.8956638033834774,1.6356834297178018,366.32136581653094
0.34472567156373124,-1.2494373946757569,2.9819257147779012,-0.27617472502006674,-4.509353826921419
-0.28190216315907785,-0.26706198474350396,-1.1352919168509572,-1.0163619630324718,-162.39093918423285
2.3338367044052237,0.10196101634998513,1.8916333737384632,-0.763583580380921,143.1490640852472
1.383166921758061,-0.16799620132740575,-0.5195924859824008,-0.20119545201587957,44.96961165784535
0.3782760465021276,-0.15810562237607065,0.12671158288657636,0.5242341501158122,65.68656246862489
-0.84628304649095,-0.6430670734549156,0.5665669284338527,1.6084870711465695,72.74947562647817
1.1154933905450035,2.264837695485317,0.5776902404621599,1.0879153278465883,320.8498965708867
0.9160087838038831,-0.2707572534136721,-1.8342320685842424,-0.7649434470508174,-89.42484520187035
-0.19817930649446136,-0.24227262019580106,0.5533456528446065,-1.3782073650622115,-142.4856933834466
-0.9302577877390277,1.6295810803946031,-0.09917151496251109,-0.6574164753633805,-7.652183776204907
0.26586747249514553,-0.28927863866901987,1.7334379678598104,-1.7925764864597091,-122.64387894948509
-0.19407074309346994,0.23148812075875932,0.15754001798329267,-1.002134794972644,-87.89774414525193
1.175429285991693,-0.12796607676184354,0.5935653522341416,-0.7073840623440022,19.962120248762208
-0.13396097654362174,-0.2585133499327484,-0.603682492127525,0.26142930956953814,-27.26345430100833
0.262829685193778,-0.8192141965957662,-0.005685823275534369,-0.6461429516453555,-93.00458418598672
-0.21208860220679762,-2.585624706129566,-1.0866970221728929,0.6728078227163296,-144.7733959476241
1.0237124245242757,1.0870707512201603,-0.13988132060787783,0.21607519274695114,149.12972261532383
0.4914114801065197,0.5264378080475707,-0.41834855519666736,1.1644974539894064,152.29894895670088
-0.23523319123502265,1.4245051575152146,2.8357210042815537,-1.2439994729156718,59.12351491563343
1.2820110379965812,-0.25672800730120343,-0.34247479348540494,0.28432436553665114,75.21393712001608
0.405908880286014,-0.799245808931447,-0.8248928651619889,0.338499564744048,-26.4149950525076
1.4032184681997324,-1.5013146100465042,-0.5579399035301728,-0.3231225065009253,-44.9689039295038
1.1670716361365057,0.8666826726043381,-0.07732143118719868,0.2775556411977985,160.46580661502736
0.3111663573895437,0.48106519438390116,0.003977458102630991,0.7244685564881639,109.90758921196955
-0.8260149761340233,0.34718809292366976,0.335423886835823,0.025598056485731248,-7.289516033431456
-1.3119842712860996,-0.13286032461642647,0.034000400073307825,-0.24454457421245016,-120.65936015072512
0.8541417688048706,0.19278537727085845,0.7341737005064289,-0.3986839144499684,48.83917319915544
-0.9526403140559743,-0.6955052023888051,0.9302664346312489,0.848667766850329,3.2115739902153173
1.5689187347970404,-0.33735098047670325,0.29109801378259625,0.9760574764071,188.68659350347062
-1.0918625496800551,2.0926215248693283,-0.9522948050050964,0.39868496015779126,62.211476233182985
-0.9054078459612109,-0.6583855650090101,0.13217499270321192,1.3149617755360112,15.617896638490928
-0.7180266250922845,-0.3248826341705543,-0.0012122243071934326,1.4993707653311907,55.87847848440427
1.5248873030475603,-0.1814872147897033,-0.7247673273996836,1.5994255366625538,236.87138045313327
-0.4735131906194447,0.7002449758008868,1.5760193534450273,0.009073940833912945,70.82329335354211
-0.9885469741339136,-1.1621189351750625,0.8920264785297409,-0.4992347330222467,-158.74729437500463
-1.5058579592380892,-1.647318182782195,0.40332755050469665,-1.0225616968405538,-276.57729396826085
0.27222472837155137,1.0000947938014615,-1.1049847393224792,0.7870839527052891,126.5004007324637
1.445644412851078,0.6581906891322079,-0.13385338224675764,-0.9839659390329344,47.953874220527666
-1.2549386296126301,0.4798154767225106,0.41812212414073446,-2.2554276536951225,-226.86528598515355
-0.1392763567587167,0.3481833819754365,-0.2701843319042747,0.9270949162266787,86.42820109148563
-0.46086280454605066,-1.3094608119187332,1.1996300083196287,-2.2044004964911466,-276.5740588659142
-0.37834190405131024,-0.90608506131989,0.96223071037057,0.7682603331308739,21.56907367905089
1.6404010096623032,0.5462156653303993,0.7435915699063583,-0.8372964417458838,100.92683120785918
0.13132728935672688,-0.19641845896298776,0.13376020287854878,-0.7054387414647812,-64.48802128059269
1.9255165033063097,0.5087032816351936,1.0741902339789464,-0.10454554828412924,184.9111478041999
1.34778785728747,0.1040108873331708,-0.21672232580309592,-0.43269051386510266,48.952126448808244
0.06317066913872486,0.5858398498072376,-0.13628431406241898,-0.29843129459756446,11.6051960696203
-0.1599971900190686,0.9979107652948932,-0.7525602739666037,0.612393297326713,81.10138359477342
-0.5759927224258704,0.10900759639357112,-0.10607166034356086,0.005029749158782103,-19.58609607850645
0.7351438357943268,-0.029159890646190928,0.9007683069439524,-0.43737231129030807,42.26565811350964
1.0564204422052772,1.7302559395930603,-0.34990327582171205,1.3166676440996565,302.50368004777283
1.3791499796841473,0.5724892402048974,0.14433231954415168,-1.7661396198712518,-10.541500953458184
-0.01713558136014366,0.31294057778773493,-0.2392102677186338,-0.34997536116912614,-25.124313343597912
1.4418798047669759,1.5392083604381335,0.957424367914645,0.7923257169639195,303.83165266242935
0.5134842263958,0.9543915998777912,-0.44299837357120037,-0.3965269008106397,51.08636627663494
-0.8857971973840869,-1.721222511452546,1.2870582974155034,0.22136140978645108,-115.79966148690737
-0.7916053016050019,-1.1483282685566851,-0.008588962611464706,1.1304414664359153,-23.55175473992465
0.1561873751622108,-0.2924003483569712,-1.2772148120953417,1.2833070808107365,66.43468616735589
-0.5505327038110399,-0.2122644048668156,-0.441290671738073,-0.7236749407577271,-116.00546714726781
0.8864647391312758,0.9426354941300387,0.46736537721183147,1.230561637809476,242.96322889779822
-0.44373210539660235,-0.6314191790432044,1.123892510843907,0.15542190128469485,-32.54129428053309
-1.3303963902946214,1.0468355798824371,-0.14386331683211087,0.8485796725368232,34.5304219759021
1.8595693230329726,0.36738923532774803,0.3966945458752632,-1.289934461585701,57.1244622042459
-0.2933304051756924,0.22334128329159889,1.32908203861406,-0.652664254441649,-19.129505520499812
-1.6302209404631958,-0.07596631111614191,0.8942451527887347,-1.0735989103263563,-207.278710162714
0.5556957688017963,-0.7780392991349182,-0.6055167323256466,-0.09214763646903591,-44.78227849850596
-0.2727442080426743,0.83136324194839,-0.6421451683847591,0.5249352262618301,60.19849879099001
0.7120863628516022,-0.35548113167640144,-0.8234720929772965,-0.24276180528173114,-24.545200289472525
0.7792783958831423,-1.2246087910112442,-0.018295569040948843,0.5266018980838264,25.121339312881812
-0.9229325452486261,1.0592313324450546,0.11839220473984498,-0.7024120179215958,-42.812456282459024
-0.4611786548440414,1.117877049859038,0.7314690731196148,1.7303375246732169,210.78384267458065
0.19431295630881212,0.4109025646410668,0.19412492935593095,-1.8247358760647099,-101.36815556535483
-0.3031917622975774,0.7114565027327755,-0.04331548823827991,0.4633996877047387,82.3277961014059
-2.094853465928654,-0.9639498842536592,-0.8712878114370215,0.16021649696472365,-207.82587480424561
0.5589808998334067,-0.0822962018168911,0.38316633149294926,-0.4840055457737305,-7.062333546630221
0.0054275108553098195,-0.4855309154707311,-0.23876716085189922,0.14466849322593597,-20.434065288759776
1.0232836314848135,0.6546094075168322,-0.0048643800185862954,-1.4109451743125359,-28.621203999000464
0.7899473471782883,-0.2121979058075589,-0.276508398080988,0.24139708225218592,48.872996292473466
-1.299642421008063,-0.9933560920287338,-0.147421871318266,1.4239977546067593,-17.95304319558773
1.1793533242744936,-1.42690494150091,0.4082244382769601,0.3061160325339984,32.09137941285767
0.27828445103431093,-1.760852533767406,-1.141718101322765,-0.9590353138901544,-217.3147687908574
-0.355127928749668,-0.21165946653677287,-2.026476856398814,0.4797541444576128,-61.02024278104876
1.4940413990918264,-0.5914266134840004,0.6461736942904981,0.2226280355477004,104.25739946590414
-0.4621808183978,0.9809108467489486,-0.6063389980463866,2.4361912239815866,240.9854805805155
0.6549196917668401,0.762249432575559,-0.4479975530057236,1.18209212114327,170.3986857990469
2.216789541319619,1.3194203580592638,-0.49779342422146183,0.02133074840255969,217.49346329757904
-1.017075073192594,-0.6736162386425963,0.5111584646735248,-0.2662624910659105,-110.59540030295288
-1.5619964049909423,-0.23061295131281306,-0.08313365148425848,-0.09110319128716829,-137.27625358521365
-0.3697483179442253,-0.49358881589874304,1.1080567500539702,0.6624465473513179,41.156083138637854
-0.26835864511737806,1.2496907846182674,0.46253819700015564,0.5232510667664707,139.15847569474624
-1.610601116097488,1.5599269138787217,-0.7785578270398577,-1.4554241823295626,-175.9631401579085
0.9777188673460262,1.3824070793308687,-0.6801835265210499,-0.1854366482251304,126.53094725165339
-1.2013441432983063,-0.7224405371803351,-0.8545547234344139,1.6256075424253744,-10.860175506840264
0.5029258708129327,-0.42328501459862444,0.5267198487174677,2.08938946463014,218.5923099233633
1.8402304991876774,-0.5721324355949386,-0.5055935653970681,-1.4107746365828906,-36.337557388989495
-0.19045617035301796,0.19653532658746595,-0.09008008825754504,0.42982445712693135,37.2803728562957
-0.3623267598253218,-1.3250063608216458,-0.36341824536789974,-0.7855562928209356,-192.33652980694032
-0.2191778535294787,0.007734053129542319,-1.9964076562441173,-0.5478730006662685,-128.11156204245668
0.7929889793642657,-2.2484166327842092,0.2581587439912417,0.4594102458423848,-34.18688476253479
-0.11623462617918788,0.4550504776397746,1.2132111700820254,-1.4596957201486314,-76.54987213303406
2.044877088394332,-1.5343486450860309,-0.8264344999765264,-0.310758396215863,-17.002440337981614
-0.8252297059438707,-0.202653517194616,0.4165196291918635,0.4702150998586975,-31.300833015489033
1.7197014047472414,1.6715093196797168,-1.6590180731723758,-0.746228146690312,100.64743201431847
0.03707526109353778,-1.6715659534663516,-0.8435838919739201,-1.2446805190291448,-259.5373399869449
0.03213448856252557,-1.6322073530398225,0.6580386580591341,-0.12642747347145133,-82.01626155301327
-0.049250502552895536,-0.2860457245660353,1.1897984157783745,1.0672183782356814,106.30823688604525
0.23288474360525244,-0.924122979848394,1.2421325503971414,1.1652138052004923,100.75808323447697
0.37484760262151073,-0.7417463576595131,-1.6317304354355906,-0.7249003080715108,-145.2604963404287
-1.596058672531043,-0.25770580129221043,0.4310840020013806,-0.28012594369292554,-127.5359172718345
-1.8650730065377144,2.3568749412124697,-0.11209258686930836,0.9128887094514009,104.86043650742855
0.14302469432788012,0.6538118034144873,-0.18089853219240917,-1.0675905817805282,-44.11164412685241
1.7126322188248104,0.5575719545846682,0.19736989356669601,-0.7713695710635488,76.99676404276578
0.9101387714950397,-1.3007961992003685,0.2388603701768706,-0.07569061774907222,-6.323350203812401
-0.9173789740847784,-1.6272327313657196,-0.7631172165356717,-0.3459393339149718,-240.17661856394963
-1.1540905437614535,0.6439535321979823,0.058920617993313516,0.3589739200151378,15.182144248257945
-0.35432112051474385,2.1586129423968763,-1.5739677057072028,-0.4024149774545643,29.26048215962771
-0.5751898558217661,-0.9028850137421585,-0.5949799591992834,-0.08993501700202708,-123.49947345910512
0.2891878994553309,2.0313070497456476,-0.49071142907961296,1.1642037477630411,247.23814642831962
-0.33934601828458794,0.1865569894012082,-0.6436417125341692,-0.1217190163562703,-42.218390685418086
-1.093351734617281,1.3944611804158287,1.4476676460225402,0.5574692506262101,102.85879988583186
-0.6631472406341824,-0.851758107634058,-1.4020298921882686,-1.2330201226218336,-256.8308096992369
0.5575042307732517,-1.0504786932909613,-0.20352633772770828,0.046263483012126516,-16.735242974628054
0.2795006144016343,0.5262007605463449,-0.30199916300435753,-1.014989276644329,-43.63493589798401
-1.1950044882760686,-0.5445153122749415,0.7517652791513181,0.11293308034188297,-70.39023372997372
-0.9171513821369937,0.28985817165878697,-0.26054193813772575,-0.18363336839540734,-71.4997310870289
-0.011511896508822778,-0.032750984677775236,-0.9377765811221431,-0.4116221158564624,-73.58558459180892
0.15089969031689246,0.24296516629705367,-1.1682163155534355,0.586790667218808,40.44734025712215
2.4816747131913015,-0.5315035426470283,-0.5887995643853777,-1.2559025178871135,16.419831315766626
-0.9946639547350642,-0.2183391994389804,0.2345386681577909,1.357737605589554,48.593057602118726
1.1246591123868876,0.3907123824904478,0.603634755525432,0.5034063132364156,167.0321510925639
0.5622382411937905,-0.8642735939701087,0.5265497930396963,0.8796059501171708,82.72048123089729
-0.20007519771885682,-0.6729208971229963,-1.0865743655494358,-0.6989572455882909,-138.5715428681677
-1.0846962262232205,-1.547987295765794,0.6990626428545785,0.913945334349281,-65.69741490173656
-1.3208631932325674,-0.581437127077664,0.14492725141805005,0.5486663464535017,-90.44841946734778
1.0169883302394374,-1.1950504371546031,-0.03510478100284275,0.3327557269504983,14.074068993932705
1.3549873095268636,0.16002817810282413,-1.6530732789837206,-0.7896538512177191,-29.75709149461459
0.4827300803587888,-1.3172915965531502,-1.018665931312784,0.6735449033943921,-15.723440155671145
0.4254905175153077,0.0214213640869107,-1.3451502200410292,-0.27117268268314443,-34.066045945637065
0.20496550742323363,-0.41410065082905934,0.140640981437351,-0.14971549278301818,-17.534982819278994
0.47603306584522176,1.6384318837935263,0.7177149379729393,-0.26157860481304934,144.5736118921008
0.15559136026057396,0.2885456586701008,-1.597205037386245,-0.6375662387937333,-79.36826457543921
0.21347186312666136,-1.6384641464081244,-0.32104883731637424,-0.4860220556043935,-149.32566637794494
0.19475351569947935,-2.308128290292639,-2.263872642529553,-0.24944818461084065,-225.31315847906782
0.020898449600041936,-1.3689610943717117,-1.986772385290918,-1.6480513909116996,-283.64432511653564
-0.5037570770400277,1.289427307505265,0.6489296043209346,0.08473734870120267,84.74658438090233
-0.6769677623792802,-0.40832489339185724,1.174744988479464,0.511750383740775,18.185158911723818
-1.6297206776565811,-0.6917458027097021,1.1733402541611555,0.5958430364931039,-55.16829942437872
-0.1516069947014227,0.2862033301707204,0.5528632691993906,-0.2557718365592112,5.022140281043884
-1.7667505298831838,-0.9545944841247279,0.6814278547983789,1.8968003536591975,5.407966552510503
0.3817855493385669,-1.0486165852520448,-1.3647751472672798,0.3363394269461291,-37.89416775322047
-1.3423823622973836,0.07965484518620729,0.6355572435582122,0.9906561245046706,27.718362583289903
-1.2322427137867558,0.6108505469677737,0.9011125203392638,0.0014216310551757037,-23.588470601926094
-1.8642741747470923,0.9748875778665447,1.091662852437448,-0.19692173195244977,-53.22952774317821
0.3985353321500151,0.20159321779055797,0.4654662932417444,-0.4917114919706947,8.719444721012973
0.7169563779112176,0.26175023823975546,-0.23431486358085846,0.5324874056085557,107.57149340341074
0.8737687679257621,-0.8410715205546828,0.1316729562092968,0.14104767421526096,29.922461310981127
0.6665132078287492,1.2179453474172328,0.06173615287106031,0.7964261530028686,177.49457614586237
-0.23679089912129522,-1.2420389873392519,0.4574581176982297,0.2145534972314878,-58.86114285019373
-0.5296036630317318,-0.06120764641564042,0.7510704571575874,-0.586574289528737,-87.64112048657086
-0.6656696297480895,-0.7084855459937764,1.160499077778086,0.9473547683704534,38.57869601032841
0.18546545359821345,0.01834644558505789,0.26106366283821797,0.7777332415879112,96.79025773338084
-1.0169002976192716,0.6860483978405297,0.3393626995375687,-2.3039670020578042,-235.50437877525593
-0.62303891442898,-0.23078414191041666,0.9616572057039505,-0.464733452070531,-58.555199354995025
0.4483609993377544,0.2705914879369717,-2.0180285154778392,0.24749196227465003,1.4446073669643384
0.1677096609039019,-0.6203450694002904,0.9692454304848477,-0.5770225815881372,-66.50284205678946
2.0756618464450995,-0.28892090609010385,-2.0988842364733067,-2.380227303891,-151.75679812121442
0.5933873127294277,0.813530056109593,-0.7048256303048915,-2.2031669649256904,-113.88393734019903
-0.3958471719545181,0.21762476161372554,0.26442227825557735,-0.7606619299762972,-78.89635230242499
0.9274337476586023,0.8255324814809427,1.1441694544494865,0.1343221087666836,167.9309046772374
0.5821656150148855,0.16056142754401717,1.3480756277123467,1.2549702099632807,202.51189919998973
0.31388314185097366,-0.12965700849324904,-0.8430761570864787,-1.701519201298165,-143.6391305124306
-0.40890087101807454,-0.5302668410702602,0.3372914103015028,0.4827346268056166,-11.53682774952058
2.708463479646435,-1.0203577657017757,-0.4885522107498511,-0.7158665816001885,30.906389070732388
-0.46837429022250987,1.4129093273567441,-1.3120460763410722,0.8897008227733549,94.81396202121411
2.75051887614867,1.5089225289693469,-0.44908327359375994,0.5316270861691097,325.45912068487536
-1.1464450711356606,0.1569300997821913,0.576347419234354,0.5519672814879579,-6.73828175697764
0.6748260243675552,-0.6521539378332059,0.2947444626002867,-1.1239308906325205,-87.41077603075243
-1.7463974049975322,-0.06771679093618886,-1.4358304342479942,-1.7035036196802982,-305.5481986194497
0.9575255870133027,-1.478395835643226,1.5321047855351453,0.4907762836514314,50.97606721953006
0.1939761614432314,0.27101635579373223,-0.874932285397326,0.47504043855525585,51.0360549261246
-0.700666182578021,-0.39379455677937736,1.2784652262231124,0.5734544625732892,9.053972124362932
-1.9414762205065523,-0.9869417328238206,0.35464266136219486,-0.46438713615577265,-217.6128235451885
0.6474519681582298,0.5153654123929335,-0.7530464648210217,0.7580077521649533,124.31964544642902
-1.1256938796839329,0.20372162024805163,-0.5345580643114429,-0.3113547685069514,-110.4822422392658
-0.2118475649124188,-0.18970665459229677,0.8181986781040523,0.3589337254974166,19.232789117070826
-0.44374722335736355,0.9227399644725301,0.5519326864288947,-0.7227972516491737,-8.925964774905845
-1.6485436920562409,1.0900658628462392,-0.6013574663622243,-1.8166824580405838,-237.3561368161895
0.18008974829518853,-1.0602440906385218,0.25462201425592657,0.09548497220578919,-35.60420618406534
-1.6179489232691564,0.6421762769957235,-0.7678614413599845,1.6595137461566778,52.48530858976251
1.4100779857142982,0.5671968872869879,0.6701654808423271,-0.1600722108165984,130.97161431549125
-3.130767003860398,-1.0112888753536744,-0.6071966580877314,0.8240923420563566,-234.99395243524418
-1.01624454981545,-1.7180503158269793,-0.17966866380982774,1.0713001648192473,-93.41828981297506
1.0379927541539098,1.6421063872688901,0.2636152827514354,-0.24740830900803443,170.8427669234026
-1.2194153266327346,-0.12491540149170695,-1.7248926522710604,-0.9299756682447363,-231.99347721084095
-0.8031126694973354,-1.477992052126078,-1.7465880295062441,0.3625047058469464,-183.3677630892424
0.998610392425484,-0.9976905535420779,-0.47348895648075906,0.3450973469414849,24.700361571622214
1.6208522072737634,-0.5458237372993269,-1.3059641080716369,-0.8503920990909302,-58.48981170896005
-1.0508159658200256,-0.631548154238039,1.0861515206814736,0.7489073685872751,-12.648971050590172
-0.8955883137386069,-0.4818430072176243,0.20032716582908477,-1.262267730481577,-192.94184223294644
-0.6342181879427025,-0.7692542576752046,0.686608494139566,-0.5916115261738794,-128.3618577336028
-0.3471187168720569,0.33064485450052356,-1.6303171865673534,-0.08342035452863031,-44.73271138275897
-0.14631728656448936,0.2699689321606332,1.5302986812714863,-0.05036361614573543,46.00990078398378
-0.21390394356778736,0.6937039590249606,1.3576141195009384,2.684487954453801,300.3634010114501
0.5545687478365753,-1.2433005074682495,-0.7018862831892296,-1.118285099178751,-161.5087093004965
-1.7693372269819474,2.5542663803697048,0.5750356458719279,0.008799555264769025,65.2534752106193
-1.2414802015641282,-0.6930101852352337,1.1722605622395026,1.3453029562277572,32.07470801513286
0.6885025520897176,-0.8155274992254002,-0.7123398408207363,1.756417173546331,148.07172548441747
1.0203950237641346,-0.37015592784858836,0.8812667517427807,-0.5227229105840612,44.60135233989965
-0.15672583244866217,0.33089293587996904,0.597797384508583,-0.30350144285244834,-24.921084892211802
0.16844380579039667,-1.7352911900479853,0.12059175652908002,0.02293415025676023,-84.97891854161045
0.23966903666925535,0.8916876400968231,1.0061737404137017,-0.16181178254560458,81.01272916191381
1.6177791772093653,0.9680219625004317,-1.31159526776593,1.34082004413812,257.6803181621602
0.5272082195183501,-0.22652244454509143,-0.039010907110473565,-0.37300795684063376,-2.1471939709868266
-0.9974473010180096,1.26879146487922,-0.2540576981665171,0.4650531843343033,45.20165433003747
1.5670056286135599,0.7527043787030148,2.735067963851608,-1.218128665908529,125.16740437806986
-0.43126408521217324,2.1377598231226,-0.9030194190297874,-0.3069088721366194,43.206432470588
1.413286160721505,-0.054301602335628314,0.560393271394799,-0.02473246448732209,106.18328396011509
-0.8684426049755771,1.4325862636906355,-1.461773268645908,0.9869623828663517,80.20425095199971
-2.1210405323111123,-0.5180483306000778,0.38031820815749895,0.27409473618007035,-136.90988500037997
-0.056138436387775784,-1.1383745304373758,1.4511609786577493,-0.4320912602129105,-65.49729434898856
-1.7797090621581648,0.3383037951298699,-0.7349019286275418,0.7714770763895168,-39.30343626481726
1.0036771540208675,-0.3539045925143331,0.26266906767374437,2.025101811281598,236.1914670528586
0.926434957689763,1.1249132270850533,0.8684648830524263,-1.6132468755599307,5.315805594422539
-0.8979828178489955,-0.8843894771165793,-1.8464919508712827,-0.48259694360530647,-220.4362480548566
0.44166965177217055,-0.3556256345444227,-0.42642253429976423,0.552431973896365,45.17889365381208
-0.7395176554962342,0.37445903096406563,-0.9339469843018022,0.7797427220164784,23.112081096634604
1.6576651351315623,0.8144189029879084,-0.8850642924264372,-0.34004332225096096,113.08177062788147
-1.0146792617872424,-1.3062232608856348,-1.1388757864875694,-1.1492151883071084,-287.0529794104142
1.0175468326644646,-0.29414412810378043,-1.4530163048007332,0.2623861403901481,17.93696850576512
0.44471363889548565,0.6065148081842698,-0.4300613073138409,-1.2160255397780886,-52.86140340407812
-1.785824209091032,1.0353941245339537,-1.3731377616117728,-1.4026234500041586,-219.77843714948352
-0.684700861986064,-1.7707087956722927,0.5580353376164114,-0.4742421945584941,-192.47737931860084
0.8319070139994348,0.34751143703977727,2.0064909962289876,0.6530759280791475,205.15572202831171
-0.5321986053469496,0.7884035392491253,-0.5109425002780571,-1.2539627675020235,-106.75718376970372
1.4045150593387956,-0.21003508179333277,-1.057259721512123,-1.5482334533458522,-79.2457890766325
-0.39850732631116403,-0.38615450623384545,-0.7760241777118305,-0.5437333545563302,-135.50780861875043
1.8211610524673862,0.31174052280632797,0.7552062990243776,1.694484814054312,315.01425941086757
-2.158010741968553,1.041264353630501,0.6188383211801848,-0.1476386915721535,-73.52898540658775
0.15746374696153928,-0.7188744715210469,-1.3326668168255695,0.12267021923429991,-57.639011657139086
0.4794960931726674,0.24397130018236787,1.2239025236348309,1.0919087066805324,188.5706699120867
1.0817289827372738,0.4358955262351497,2.358394410653794,0.3698752910682503,231.66368392492421
0.8782890717523844,2.5818130653266262,-0.0958367504475497,-0.2784104701265317,200.84657076007156
-1.9003285646345378,-0.7022920359425395,0.6185650089357695,0.5421741867639388,-138.51795531134863
1.1780355377839649,-0.7681310811582899,-0.6339695106819507,-1.0070391096354687,-85.43567788103124
1.180707138420656,-0.6920986241044998,-1.2144894940036757,1.3675933165729643,117.54425980245566
0.2295253992931319,-0.22893167490269795,0.46214073584191895,-0.09393292240408059,3.7132559144174855
-1.1114613123691746,0.11441836417932984,-0.4741042090307847,0.2961906568300753,-62.81689576775945
1.38818451418396,-0.38065628886636027,1.0468427368146407,0.5550901968960631,166.39293396953255
-0.981362887090704,-0.034839710406219006,-1.7606976001041739,-0.7120558545576597,-195.75617971897742
-0.41445351720736967,-0.707489608162841,-0.6501388920044017,1.1191702147540727,4.651145243494712
0.36667457031326295,0.672104641109153,-0.021515814007007725,0.11983737824417738,64.35050318869011
0.681032096454101,-0.5537184927348702,-0.9409033018712508,-1.8060563008847816,-166.31106170509707
-1.549527245164929,0.13527635569702298,0.12447999881805995,0.0224356262653351,-83.99425250211094
-0.5002785945831769,0.8005883814873863,0.91060687266077,0.6204623896646986,96.53158627081548
1.7631894586022294,-1.0701769837490136,-0.11469529167290117,-3.5041980032232543,-269.1996280641761
0.4242994712683364,0.4112333090768636,0.6303183690859246,-1.022391026733352,-21.867212077728283
-0.34091033318215025,0.5612901014809929,-1.0598508480933577,0.17327479481545824,-16.190552500514492
-1.473222963794142,-0.7073093549206686,0.13844191748037404,-0.8575095953648733,-211.56167247718918
-0.057697069801107746,-1.5269680937653247,-0.9973661334486444,1.3192561107372465,-26.252196577078642
1.1938716341129083,-0.6922581049254019,-2.1889509078753635,-0.5777568462849976,-77.18981246872161
-1.8934840645899484,0.9762311054855434,-0.7073020891437158,1.0024833530357005,2.004717199416552
-1.3262026035810823,-0.475235120580416,0.9013414261218057,0.651992742709474,-33.47268720628435
-1.6413079364505943,-0.11070642391148577,0.4462454814728048,-1.7890163181780565,-270.9029902479525
0.2682247840859023,1.011735414035879,1.5878979979860002,0.34114690479617416,157.88469215928384
0.7739474579892665,0.23428534929812161,-1.9623588648371135,-0.6109279021922298,-49.624337636169244
0.41849317839984174,0.7812021204047795,-0.06822508190292235,-1.0273599871015908,-18.074204867486575
0.19442704815141723,-0.07564555764615838,-0.27969075853628755,-0.20692043230245954,-32.13962874828728
-0.32327169795093713,-1.197170646596525,1.2497791145739063,0.3101219416674177,-34.911275185626465
-0.5319586720106984,-0.5536482675195029,-0.32207487409415547,0.8641105252734619,0.7923520768956482
0.4815973650571944,-1.0315989302368722,0.19909861010793317,-1.7521196662890588,-188.86579445006842
0.874321321082511,-0.1942921824995043,0.223848950329861,1.8023033242023065,214.4848707282377
-0.2779323863165973,1.4103982047336627,-1.2090918476399142,-1.5710230399813216,-95.43575938604589
-0.315637381902608,-0.07407923235171843,1.3342784311202402,0.005673398176486883,15.06083228828552
-1.3838658220624378,0.8167825540121053,-0.18819777840496935,0.2703352336426634,-14.580159177603647
1.223163700734543,0.9872828464397105,0.7247377000310834,0.589331464321135,229.2914308929997
0.74153716327085,-0.5797531671134463,0.6452775532908308,1.219021574153601,154.4558098286205
-0.8722087713422071,0.06789288230710512,0.2706572174121172,-1.0029279475213342,-150.56629959627153
1.4101113395861453,-0.6448912108401414,0.22480167128928139,-1.749884248612321,-95.93767936820888
1.5881648289752341,-0.10608167707389868,0.544205401993419,0.5957805636452784,162.87778873306888
-0.533109498279939,-0.20844685553720285,0.22918797585141545,0.875237168503979,22.421522825364843
-0.6321871706783817,0.4516035955792821,-1.3504279227817477,-1.6728837484807018,-206.45600956998638
0.6577672439141348,0.6416572597558396,0.24109455716748407,-0.38919266680647957,62.97737131780917
0.017656313715899638,-0.1635370592052841,0.17655681530649214,0.4464419965916024,48.45857047246597
-1.4550378292566482,1.373958407119109,-0.9234431776597594,1.657941331772262,91.1137094720493
1.4457819319752148,0.5105626069004215,-1.2085361228992626,-0.3600374010633145,75.93298283525726
1.8226427084472128,-0.5859867653388284,-1.1524562861207133,0.11603402919575764,71.67701972004984
-0.19804012682389566,-0.7104950699953837,0.3849292017607209,2.160986622137548,137.94401525320498
-1.0098764849806279,-0.18318027967715578,0.5843399194535762,0.44825944132739953,-20.103081357493153
0.2561664253384033,1.279730724954365,0.4908475214328782,1.601115973147546,257.3710076757696
0.2084569642587975,-0.031432104000421554,-2.2135703641794358,-0.2215836892841392,-78.29557955906877
0.41979561192639997,-0.9254683549708488,-0.8205120670879098,-0.21970323360166447,-74.66018356105761
0.8612873151169563,-0.10831635810937326,-0.7958671481955205,0.3641214711252472,62.269667601497716
0.4386236025794035,1.3453723278843033,0.19425883688356677,0.46541286723618097,160.3082777113774
1.585299251774334,1.4065786109739278,0.008625611518826471,1.3219155350533887,322.7494086105732
-1.3101389316009644,0.8540432729443124,-0.6097037097773425,1.159317908878221,59.14864321223586
-1.3040802338787205,-0.19171886308153813,-0.18872310989118427,0.4034393195131124,-72.59287814315039
0.28271848560948126,-0.8045667744450854,-0.5663046508191215,-0.42072821727899923,-86.41327359921813
-0.21263723598360293,-0.2983012501854763,0.6439535159546929,-0.2719978606922957,-33.59944494752888
-0.9157437878673548,0.3467593417424442,-0.6094120857998893,-0.7958723208482381,-130.16801253770203
0.4780115412998103,-0.039980396302303836,0.5959179917237413,1.4970494960608334,167.29163799399868
0.5050269612860249,-1.621391483449494,-0.7268246831002526,-1.0111018900442055,-178.50949865554531
-1.3776964442359414,0.34075985489039173,1.3941588075854177,0.008769687443374063,-53.49745633010453
-0.7205864827851264,-0.6021217998567999,-1.1479489328320276,-2.18410607927976,-315.36859075835235
-2.365737800917239,1.0083629625730814,-1.114892152523995,1.3449341186393824,5.5403252442775965
0.05472613692794367,-0.5475764493174498,-0.5840185416060952,-0.34925750434601655,-68.62509499988671
1.1928363166649707,0.20517806855860202,-0.6462557179378527,-0.38392046726860163,67.76421933429015
0.19374003415745147,-1.102632971168455,-0.056478850855126043,-0.6478536097377383,-142.55291295642644
-0.6243061629703975,1.0472742572539626,-1.665985819103626,-0.2444824941159872,-47.53768723919628
0.3799688913345317,0.36716950621659955,-0.6604443046377759,-0.515835938251169,-17.192842195671425
0.1616709248844694,-1.2206371010475814,-1.4770541204301462,1.5567607481294186,32.02866797330684
-1.1449118425092502,0.044066547758281574,-0.5947025706045018,1.0929024908973204,4.428029642918841
1.161980863462478,-0.7059426047087289,0.7692261836113966,0.9288500123805071,149.9515417046004
-0.18467433890141624,-0.49643712772998677,-1.3969010741001942,0.12990904013982285,-83.09149757365745
-0.5422299196301817,-0.9059732709118439,0.9364518786494394,1.2495937292483856,33.15684429591639
0.8786373237815905,0.475344817663409,0.8913806021846175,0.6004740163759154,187.29989252069134
-0.08845940427845016,-1.4040437726778163,-0.5554686870023411,1.6287671132999313,26.141879564914536
-0.038148343663561846,1.3651794638174906,2.0236405711666268,0.3420280673419658,179.39753540180004
0.8656517677165748,0.529127635829288,-0.594794166792317,1.5871019004186293,207.27219232609747
0.9636367677299688,1.1407050413418278,-1.0657690869774221,-0.2600413928140292,96.32307908420272
1.3988276552349979,-1.3650365080783682,-1.9397333901758134,-0.9813422379911655,-127.84105871388837
0.5941503316909206,-2.0089256596864837,0.11607784476192329,1.5724531873815997,45.15773734624631
0.18763458309264106,-1.3240981842250301,-0.7345287085999744,-0.20434627366367705,-118.49426238023992
-0.581681206522076,-1.2867470731463126,0.6079099445935857,0.12600273038376794,-95.14362438004709
-0.8510633923317585,0.6474931797429149,-0.918027781274565,-0.8454617774276686,-134.3064005673012
0.9320082222312397,-1.127366105513914,-1.7914146965314042,-0.8373695644747348,-152.11133522063932
1.877140316859483,-0.2498773012728183,0.4666772081778047,0.6330201728923246,196.7058711878592
0.17179478988575064,-1.1114551180765007,-0.580961489262625,-1.0872049865123592,-181.27854574565245
-0.15481465129489486,0.25451974676270706,0.13098264832239123,0.3696771305781181,38.79711532750773
1.008909662678064,-1.5234023479653787,1.472850475202166,-1.0833250123328826,-80.31393156224976
-0.20605331261273924,-0.7212700269744751,-1.183833333083082,0.567371250828743,-28.931610515231508
-1.6439938155283733,0.23912972347055816,0.446868880502713,-0.632357856838007,-136.75264487043736
0.3403514399966761,1.3936850015501427,1.1955728389988556,3.1022611709922647,429.71588747259347
0.47806745354345004,0.3560317525588208,1.055927727850197,0.4620249864563275,128.7310522433096
-0.5202974896576866,-1.0319433651800893,-0.029935495627963715,1.2043831747644418,-3.6258080884890163
-0.6623436456598518,-1.5940073134403654,0.5509909744583031,-0.4761496496966324,-180.2122430118265
-1.2200520318070924,-1.6258776016809668,-0.30905319279452664,1.1635038833889295,-99.69870387449905
-0.6214125388239237,-0.6299270233103446,-0.17428754626862822,0.3790190725352595,-51.00247503656123
-1.4678771972833702,-0.3368261869111003,0.3686707430331992,2.0365998315507587,81.38429001459204
0.9892574840274093,0.8254437852129329,-0.697319830578609,-1.183434188366425,-18.175784525396928
-0.20809869703044537,-1.8968871471060351,-0.7526675464857684,0.05522747708429857,-164.54254122894213
0.42693978877476113,-1.4809097837349294,0.29802482560166316,-0.2853796676020054,-69.73185775875655
-0.4721109874624455,1.540142117277777,-0.0569962011573934,-0.8413402075700416,-22.802853881250382
1.9713008509602046,0.5470844918494344,0.21511172398598516,-0.8197024076704241,106.05371436374263
1.053155692684248,-1.4853711536162033,0.2905416662221239,-0.808891342734681,-98.96303348828047
0.9412768267045541,-1.725698507386488,-0.9124835831674198,0.5370721249189297,-24.734777295001894
2.364667771896208,1.13732467703491,-0.07234240114794566,0.3623782561164685,272.34786392917164
0.9538582543927966,-1.4263418667302885,0.5880590014500201,0.5357656020874039,43.45144830557229
-0.7778130936550393,0.5700365497078912,0.9700324395668075,-0.26517587428214934,4.4308809409844745
0.555663262599043,1.5141432505488168,1.5247630949754116,-0.5493862657520353,136.56389276489443
-0.019884359583598327,-0.04874242763619522,1.368002563374143,-0.6282878283759286,-29.166951013546953
-0.5056837675080408,1.8553871476722592,0.7888074435231479,-0.0045753498011996685,102.99986924077318
-0.6067330072416305,-0.17312068824909882,0.1786484820162015,-0.29903946634578504,-61.273983981977636
-0.736625647443636,1.2854415877892305,1.0787947787364895,0.3698931142288608,111.53584334009746
-0.5642695565965556,0.0808011647508337,-0.5146980613962144,-0.4929904027559206,-90.31768284293781
1.1334301954057409,1.0713584385729615,0.6559147920404935,0.6435541593535015,240.11720462452223
1.4192910862967194,0.8829829760226237,-0.3797850360827584,1.0698920678874362,226.78741833985475
0.059028944059794586,-1.218758365659589,0.15071853975912533,-0.8645920105529851,-153.7428518405091
-1.0491507802498106,-0.3515590449587375,-0.8859506461971792,0.4813332681865987,-77.72737555134292
0.5582565507246529,0.7567801519700171,0.14908578492109395,-1.2487705844248131,-28.36870822761869
-1.2081822689066044,-0.5897927736242818,0.06435485694063611,0.6037740424231857,-58.58981124294918
0.4430901612627956,-0.38463922824784597,-0.5055270421671207,2.2004684490708155,180.84947975617428
-0.8130928941313379,-1.2574333943112128,1.148054252437566,0.1133646166012056,-79.42124039279754
-0.9328409660801882,-2.0601961749553492,-0.8086421739094656,0.7898479859570802,-160.82355190796298
0.9350348573354684,-0.7847331488129098,-0.7640526799989472,1.043724228828338,82.95071963654085
-0.5794237935375195,2.733214080379436,0.4030611993357874,0.6720835737271571,188.73725105282466
-0.725334267236377,0.20078618069660323,0.19075932823779387,0.9592826513865352,64.47813397413172
-0.540321556350375,0.43102066706885245,-1.475183092314333,-1.5096380654463393,-194.9622209827972
-0.704531922537092,-1.016828816079289,-1.248079259294794,-1.3390474652732147,-282.22483241608165
1.2861389479631657,1.5337380750514031,1.4645503517552911,-0.6292260966464748,182.06475316917624
-0.6981008965089849,-0.23358654630534778,-1.6040654042795253,-0.012031653355882634,-122.10566481294748
0.9627098931488202,0.900275371294036,-0.0023240634123512824,-1.9402155430389922,-70.57796731067003
-0.8574376237538108,0.6075923962187638,1.7340650041715278,1.491663352735255,163.01463063917151
0.5408080240243145,-0.010328430498961106,-1.1169930750820019,0.4318879586949945,53.03554324513397
-0.30196772562811147,-0.5670133086533181,0.5185098901780183,-1.0996301320519506,-139.40428214203308
1.0091540784405522,-1.6116859781043056,1.6807334249391586,-0.4007972200465615,-25.87639271450745
-0.2642394298906717,0.012963037387241489,0.756158404231843,-0.1918459022979489,6.890987576540841
-0.9814457632868226,-1.0800134176954237,0.08999680354251242,-2.2677919375515696,-330.6189292626456
-0.30574492258433333,0.01744626252455049,1.368035419178229,0.9048069211519216,100.82949809691542
0.7048108849453497,-0.05948869175785292,0.4992731994854487,1.2015645580486074,170.6854826553461
0.6863899529559868,0.03700526023284352,-0.9116524571622409,-1.0149016804949222,-87.7745966290598
2.1340275921497858,0.4681648835492243,-1.6477661560391483,0.49438687693985556,177.34286938865134
0.498286634866943,0.9875726062854583,-0.9715432204501886,0.3526210750843385,112.66062608108652
0.4667524596530424,0.11283085517889811,-0.8295258048707047,-0.09167717803053288,3.4266401546360803
-1.0972654564710074,1.7306244661866623,0.5132384442226896,0.0907276949005399,39.63003481806099
-0.2012417029512306,0.8590192549335478,-1.9891186262715703,-1.3014667950837855,-144.96487853218267
-0.8802627285102809,1.5588789659094546,-0.02467892263911256,0.0772324998523967,46.53376096039225
2.6099844880799425,-1.6911007655742836,0.32682685430125546,-0.6294461362284184,16.346707216101397
0.47856284245943576,-2.1892456028904843,0.6235617377285791,0.2934073018897592,-58.63746145683346
-0.3698333383583742,-0.03664462034439798,0.6531139539500886,0.42469968355130494,32.115851309620304
0.23033913112055124,-0.15511329121753184,-0.016674818148985356,1.9475676483505886,194.64964586307062
0.797154417288746,-0.044266316793383234,-0.06749166836958577,-0.48915911181818694,-3.171298305335064
0.2887312274882062,-1.2760112690769394,0.9810874917352589,0.7425338459536855,34.63516595147491
-1.8914265448984096,-0.01813389496533568,-0.06541441790753556,-0.41209036658889214,-189.46139370199646
-0.8407233710387647,-1.450440741537605,-0.5801905913298642,-0.13618040875373819,-167.41015959757289
0.8274049237710743,-1.4632610821503746,0.362269121484652,-1.419795312785993,-153.17638473542672
1.3570337152987266,-1.2207253248945822,0.2508966257163197,-0.7182249657551337,-42.17697863795259
2.7965183762394363,-0.34984662022074886,0.2816924639543423,-1.4279145220060934,32.16989155021577
1.4039809860850823,0.6567625791619863,0.4210291781985494,0.4243189762879587,195.8752145558894
0.6392225890957607,-0.022882941057679008,-1.261355692522512,-1.741966257612894,-141.00811150771202
-0.43838482765321557,0.006633886009165951,-0.6502373175696199,1.174099062487289,47.31094187552831
-1.7597361187477436,0.8111538754127923,-0.6243371295099917,-1.411111317711976,-215.49937792164164
0.01710236490795628,0.9433774601045143,0.5117632321024683,-1.2473371705113863,-48.228426802710715
-0.6861630288241473,1.3419456440554023,0.8619284182578211,-1.7061018248126747,-85.27840353497038
-0.02465638502490513,2.036202510077199,1.2746042318632846,-0.5952085176618268,113.00652091365905
0.5220253014574536,0.7088640970397152,-1.6564343565637376,-2.7237557989680705,-198.9882484889024
0.5435283542724078,0.41135641298606646,-1.3327369371798394,-1.3472783967395694,-91.56670022039818
0.8536106263293822,0.19375487026934785,-0.3078369457805748,-0.6616970430081014,-9.630190623718232
-0.45445948584573564,0.8093088946185905,-0.9191393809315256,0.41763963830608025,34.15390967295283
0.6091421449027383,-0.2728474699526396,-1.6536755006487356,1.1195270516396243,99.97058425156473
0.20296532044225618,1.6224276505632176,0.6326321923654492,-0.21891269370799943,109.77677039209888
0.8767333156054504,-1.8206094446695495,0.12690318522145916,-0.192314972983701,-58.09804458838249
-1.5421294502136222,0.8979259688174571,1.5925605199085748,0.3911519250130963,43.250807282687944
0.39128565803200566,-0.6623908952620519,0.4474613813306843,-0.5469377126519122,-69.29347878916055
-2.2996081275055738,1.058237161502095,-0.688584007757874,0.35320904315814644,-75.18739743677976
2.4852943303640562,0.7818880838398984,-0.9071134637094344,0.915200464525239,263.39975531140584
-1.2327906391307903,-0.055658760693143544,-1.820258899677279,0.1483704499211558,-117.5452073011358
-1.0477469965153345,-0.40132924045006585,-0.594667530994037,1.5495264714748913,16.530489953339025
0.6425083405474118,-0.7964983127203004,-0.43429515589077294,-0.6174612728410696,-82.66324018012962
-1.6074467276075097,0.3527687273760926,-0.24634645025097793,-1.0344086262306875,-194.44012380368716
-1.2484379030435728,0.16847079338397092,0.4411758680568831,1.338118239443809,64.50400253047682
-0.35155625089063786,0.29835840731476837,1.2998089662916987,-0.838282491795272,-34.10221209939938
0.5427766993244586,-0.643534166228863,0.13517265804964626,1.0271755548175474,73.2397842450094
0.8987190226784627,-1.5707095419744168,-0.4757822396788854,-0.07438557532454762,-50.680106504920815
-2.271134478218565,-1.3284987515606002,-0.3235550103806068,0.7202724023557474,-186.1258307623872
-0.6468511311248728,0.8936205489536412,-0.028564434572019598,-1.6259333613854978,-129.33971177656153
-0.20291126613496524,0.7338399486628593,1.921339680892513,-0.2582786697046037,73.8431160991322
0.8179015824718388,-1.6461159535942491,-1.58784366418284,0.7223297848052416,-31.295045514383485
0.6025151694476106,-0.24307335903640126,0.18859143036577783,1.7092948854667682,167.03953861108494
-0.15716832600890468,-0.1487878425821405,-0.4532345670511031,1.6409177346046973,102.48869945216072
0.34842180168488146,1.077379539273819,-0.1647299024622977,0.8141748979121144,151.64603860255468
2.127542967965722,-0.058151168958910024,0.4544279991628187,1.7866657325537076,326.8625270294495
-0.7738555573481372,-0.6968610107067327,0.26351604953575647,1.0552926314429512,-0.2602081724160126
0.9632094698751282,-0.24378302888811457,0.24244410986274412,-0.4152267352797355,30.91606310122708
-1.3276068752241768,-0.2680017425023741,-0.32936918249803954,-0.0950819502310699,-127.26219888902412
-1.339417691598903,-0.16039046848780228,-0.027803266836710333,0.866663896617889,-27.188910794619726
0.40926170984941346,-1.672550226744718,-0.4096678404097905,-0.9704700609127862,-174.39566533563863
1.09660382311141,-0.14145956534737855,0.07247607831190464,0.005136612575553594,63.180209776030885
0.5190815852122886,-0.7698312533635399,-0.3321704912780405,0.10860183812140517,-24.078646533212783
-0.07880267921130175,-0.40556402854951473,-0.6420913307999289,-0.260890806950597,-76.73962478773826
1.4269857312829268,-0.3972979549751836,-0.1340272790920741,1.4039022103249754,191.06916191161224
0.53872387399554,0.6736473129596312,0.20299898848168046,-0.5705126574132062,51.72220459642301
0.3223955882938847,-0.4501270970158613,0.4398188091215722,-0.2643617701591735,-17.843116297245302
-1.9985412244011362,-2.2093784942513732,-1.351414225414913,-0.9557158273132579,-401.1693834404222
1.0328715336013232,0.16771917882397336,-0.5138782596648072,0.3363431227487742,102.51229795218691
-0.6317335770782998,-0.7542713354046282,-1.3862014874421067,0.7435351185376262,-87.76651300909462
0.883689995288466,-1.600369456843458,1.4255994215315537,1.6798963817623411,145.37540625692372
0.578427907796209,-0.2706433726081122,0.7877313582515062,0.9995191171405747,137.91265767008144
0.5193562847372512,0.9873026969250461,0.3794962140920461,-1.1227938435470093,13.805565842582489
-0.5311938535964443,0.09747522006852426,1.322016515818641,1.359012158201246,116.15419363200498
0.6688668991015609,0.4850394108017824,-1.1425512412911427,-0.4185195260663465,-0.44934194535081673
0.48890164247195994,-0.8734783096684805,0.2622725200866019,0.14780306133752938,-3.283808207898578
0.24601355262578017,1.1826951204989011,-1.2260050359526322,0.15897740005621164,64.01461548630434
1.8237961132604348,1.7477311433555514,0.005168602078574861,-0.5638186464642807,181.0930866491096
-0.797982109538505,0.3848673056807456,0.2877802903412133,1.059059472268173,69.24366933300796
0.3601986992690991,-0.3924469446187833,-2.1831806238867397,0.1550108375264643,-41.29587549486544
0.6370368526008517,-0.3051202335706717,-0.5284320996238456,0.1335299325314469,21.968361953646603
0.39166742702481044,0.33193919061655863,2.5787847629600873,-0.9283413782819985,35.376905902891934
-0.37018650738654124,0.40959903634954314,-0.6981396261399769,1.1949685320488286,90.87224805409741
-2.314724363977202,0.20792154940783716,-0.5272922493469282,0.5253608100711734,-116.08465923102506
0.18200049096681423,0.25815147459453597,0.12641977415139807,-2.489568034337564,-191.27238159742626
-1.1764525090452467,-0.38073318968822834,-2.1019685610642105,-2.333008350667884,-388.1950674937685
0.35558028275456466,-0.3507546143908661,-1.1144569713870904,0.13326858506603065,-12.916046543106969
1.1578652262623652,-0.5782863449332826,0.7337924730829347,1.0367743311575637,127.79291200509753
-1.3471028722347378,0.2747646710425212,0.4667966635500293,-0.5054873058059302,-111.87391116334058
-0.1723751397784257,-0.8422837112245259,-0.903460435701251,1.5907845884800589,42.169003642866315
0.3220795692862278,-1.542699484342827,-1.5508468049437192,1.0315997176042977,-27.285057051195047
0.12085043616383565,-0.5602764995521057,2.9891018505365703,-0.6715017178078926,13.750369306545771
0.5871813731400587,0.056788369546558026,-0.38148093090549895,-0.3082606621844765,19.522217282749388
0.28428306716769425,-1.5184643315933708,0.3188982141591988,-0.29583343428783315,-94.64674858508887
0.8083920917947472,0.8207765976482312,-0.7888799033982851,-0.7368184638267921,12.386400094440406
1.5311048520171182,-0.17156322203567298,0.15744736673966547,-1.0830961473797032,4.109401248922245
1.6402899909607433,-0.25889162629320744,-0.1483610026640349,0.09222441327422339,119.5794438970679
0.4471443856017908,-0.23320135269559306,-0.5697981260614502,-0.3168515356696178,-31.702551475909555
-1.3392713213928984,-2.206874401743057,-1.2433016658679523,1.9135915258956713,-104.05968304089974
0.874437669973936,0.7949347373352647,-1.1118233035062197,1.253164127854949,196.48094498528928
0.6634569578250373,0.49050397843453614,-0.4692414895735973,-0.9250641246518135,-43.86769371563028
0.5007988773929118,1.2068315376270384,-0.564270048741941,0.3106792769160175,110.15095315998909
-1.2969421311480898,-0.30837168197768056,1.3189779773344188,2.6987743033369025,151.13610031001474
0.03291711197275649,-0.9472586264475199,1.3331822096123365,-0.26524676344104214,-19.435238125429045
0.009709885781111635,-2.4075446357733585,0.8873315038401909,0.5636354340603931,-68.14771212919533
-0.060218908153256326,0.6154078292279618,2.139620427446331,-0.4478349728982721,72.2983378207189
-0.3557781777002429,0.09702497675264408,0.019957092041058805,1.0115362769834502,77.79036653663046
0.04364657157781007,-0.8240484096517704,-0.6940761999849442,0.24137782465459445,-38.32800386785457
-0.18900204470797857,-1.4080146668217415,1.2636995292680107,2.8352473204757174,186.47641234310865
-0.1473182210096267,0.010101780682036774,1.3232277118719726,0.6336312498616553,73.02046381093997
1.3209350468582448,1.5660489642410336,-0.21360315120292953,-1.236647436127622,78.82922535254345
0.5759488751927683,-1.4572515232655883,0.3785160477531099,-0.4185024771042558,-75.86869320943084
0.13821562419207672,-1.4020721783410623,-0.40286066576428825,-0.7459745892784225,-172.89115773967995
0.11784246986415307,-0.19512847281074722,-1.2461490991396174,0.3927850381516361,11.38795669672952
-1.462332365063284,-0.09206664486501855,0.721247454241582,-0.1885809897574409,-98.25304665947964
-0.5291788383445762,0.05482326337397033,0.7702675000195593,1.161184148603958,101.46783328630646
-0.7477120923144591,-0.5193873875095508,0.3256591760558136,-0.3138194471031173,-123.19736745449922
-0.7473907479725317,0.7794741100154197,0.40984211924004876,-0.3824645842949481,-3.164198173586197
-1.1429193305071745,1.6813534022470595,0.1083478783091689,0.9230163029708577,106.6012719723546
0.3102308499177642,-0.7149156730755576,0.8214036755283723,0.9978173332348049,96.15085566257814
-0.8966230920677403,-0.7845357547188411,-1.2031340174631013,0.4885888025504431,-97.80578990479025
-0.28983207919223414,0.8868434015608357,-0.7923472933671647,1.2356802038115753,123.3326570054631
-1.0687587602203004,-1.942058123382253,-0.992623370076162,0.23780946028881006,-184.30223268000412
-0.7264651654679213,0.8360010085844195,0.8049002444922845,-1.2541213320840872,-90.63756564785534
-0.9844442670679667,0.6865796581220529,0.3952475916658338,1.6551704492593062,157.97280433969962
0.022399149962743337,0.01847563196296114,0.30484746809615354,1.411690873428993,156.09834598128148
-0.6875689285400711,0.2155878828417453,1.1328363954538128,-0.28972045226596793,-44.19768488303299
-0.26203777202037687,-0.7112703014256357,-0.8922457496191489,-0.831772147467018,-155.97250826704564
-0.6043226718321787,-0.7308366596602889,0.6272301769357169,-0.6993185256963943,-134.5914861032485
-0.4568480584520904,-0.09886039823005913,-1.1309988764581371,0.30228044114587715,-48.159252299491904
1.4157806718484391,-1.6946473913410376,1.4907179502672223,1.94213157058917,194.62041012755947
-2.209794249811408,-0.8953526670215453,-0.4528964526332001,-0.7089312226236718,-281.6420758493294
0.5853902411198175,-0.8495633794870914,-0.6280090744964901,-1.1603587719098845,-125.88206634729272
-0.08453749079270698,-0.5709074154744948,-0.9697177457154763,-1.237340067839559,-167.58496918168936
-0.9810879208844935,1.1911923938443008,-0.33819402803849036,-1.1888965108775738,-102.35002850574321
0.07816073169500384,-0.7448434865071168,-0.4692858772090622,0.46159236905673007,-0.6612223049916288
-0.5564190108796762,0.1508471449893559,0.9227014685065017,-1.112506672853456,-75.87751689668727
0.5292819647701416,0.08870672746656297,-0.4066636041956959,-0.44954240475745655,-15.104355651285333
0.41425393153079365,-0.19153581074920661,-1.3151508656531572,-0.4565981071761695,-85.89811600845155
-0.3127504145522936,-1.1065006335884728,0.13324097210802813,0.0465051554020081,-71.7951021209345
-1.0388674038602803,-1.959519423489401,0.8070794833101081,-0.5856698468552369,-229.78594705777255
0.6812668875907197,1.3967092198931994,0.3891781442632083,1.7880410366194042,296.62328199406846
0.16591810685712055,-2.439580181576546,1.9253799131330882,-0.8589894380282942,-182.13407168407122
0.3080209972763074,0.2912252757331858,-0.2535483194247962,-0.3159665975514703,-10.943845194222776
0.6457599095471915,0.6338917018252087,1.1441461295279678,0.42920401479332776,158.16450949638843
-0.5595112951017365,1.3612228343071073,0.04288961570606015,-0.3316652031136176,30.84513556295728
0.5353382109765817,0.9633068185476675,0.8979357609856498,-2.401497813631295,-78.27190013617712
-0.814816680095448,0.6120680728135146,-0.6182340812956885,-0.06224017894830706,-32.65545228861672
-0.07678928237525708,0.8766030010495386,-0.06038430104313475,-0.3420696614154375,8.295034768169335
1.0108386112946894,0.2610804644502922,0.2807024293002018,0.7098836284658816,136.77584325238163
-1.4788989069274876,0.19715446043977977,-0.9416688816836647,1.5817789555524129,27.094824766191284
-1.034491192567832,0.45966143672174037,1.6033206259796704,-1.2154428192790818,-104.08958522283545
2.255778158409821,0.48240070359552256,0.8529706914685685,-0.005485490405641837,211.71039507563114
0.2697517822428538,0.43588944468807783,0.26905462559152454,-0.7215655898125057,1.886403070034131
-0.91186007264436,-0.84715266606364,-0.43689104363266285,-0.24680997398352506,-160.9887570350971
-0.2249532206039141,-0.16687076240182064,-0.725279516238182,-1.5346175204713068,-178.3174147786792
0.5508057524890737,-0.021245743642159517,-0.3501765472776442,0.4235429032536012,56.13794802479989
0.3032514105467635,-0.22881997903710066,-0.3993338196812019,0.7432419472394567,66.92971461745881
-1.0275528749980014,-1.5179354128255351,-0.13672825309058062,0.8096897557641777,-104.04533036215594
-0.01912501727254437,-0.08436171103879363,-1.3335178901514833,0.2941171527304745,-14.234303548616738
1.1950394916533522,0.3868507327746578,-0.15536710262313996,-0.053445765836939135,82.05332238743073
0.5578319210521506,-0.08281780997764683,-1.2691809463797141,0.278365322844496,-0.10986460847897561
-0.4795052173192326,1.1965209581940972,-0.3659193822310585,-2.313764441307147,-168.78677223159008
-0.8902650897794058,-2.1167130637899727,0.3056300552004554,-0.3188726895241478,-232.22616982420766
-1.3681617518442695,-0.19565381794498365,0.9448246408243873,0.6520157767143981,-18.085636057054316
-2.0639399500859605,-1.1140887918280211,0.8212551350414926,1.0848339042190764,-103.89851846719117
-1.8727984479767177,0.6488432978671628,-0.17288210487872874,-0.2701362903363691,-105.85664047387534
-0.8985871752188374,-1.2097656409037105,1.884399455240628,-0.9930571557494581,-197.014197605179
0.016100785581171437,0.8992919142839114,-0.14954690864416567,0.2265164790231776,75.7322582303745
0.25039962951627315,-0.3999839142258699,-0.27691821357739255,1.4719838178397844,105.6994457373615
0.6454739683672371,-2.1550016921659694,-0.058329322895494,-2.5418171989231886,-334.78207431997714
-1.4875307986169541,-0.4443114931634081,0.7139497753893266,-0.1609376603826422,-107.99980226852239
-1.4232165005600443,0.24482385929305314,0.7142997616396852,-0.9526796509837565,-135.38900803196253
0.3936316477662974,0.21457345751832615,0.5832837682618707,-0.07827397736291401,56.49129219715888
-1.0734796064370187,0.2524070637562939,-0.1007516532592505,-0.9435516412440544,-139.57265740611263
0.5804360655067238,1.5015964069699805,0.2296898344860123,-0.2572959855568644,125.29884988536986
0.6266614247698467,0.48832287502632626,-0.14720720328036374,-0.8761213077665478,3.909286038057383
-1.788065106239653,1.0483704849484325,0.5971285481122719,2.8841335671833965,207.99378298532156
0.4718529997343091,0.3261979331617602,-0.3158944067162541,-0.416393817987549,2.8900890057692936
-0.011167173055583159,-0.7489435115132728,-0.5261069206435544,1.4874426025296408,72.73280730965377
-0.8900285773431733,-0.6210274206047418,1.0717085686628882,-0.4841611980031402,-124.96536574209226
0.22325881441505502,1.4212962628721293,-0.8598929803547394,1.8618484237320057,266.76500493337704
-0.11677628835353261,-0.10835703650160594,-1.053930732082182,1.0875751629528787,20.91977789909441
-0.22550162592500797,0.14032032376187115,-0.7089676465001992,0.0698978819685463,-7.329519012266342
-1.182420404298025,-0.30981283265139503,0.8976218529329845,-3.0984308407551184,-362.3645246508532
0.09885135596920284,2.257094305196929,-0.0608565947525099,0.47375670815201826,198.32982370816185
1.6097451819801922,0.6437368886559794,-0.428556165965826,-0.1580074489002049,131.36589639999917
-0.9999351081568152,-0.7110916001584346,-1.4362006015036903,-1.3178980689760218,-295.90992606871765
0.6297801640952164,0.303390433104707,2.133312508568595,-0.9617115587785148,34.777286518779256
-0.6874421328907065,-0.1702221278030043,-0.29650134688371005,-0.10677077567232221,-75.94429720025926
0.20071115051635732,-2.600038440402768,-1.2330950837169996,0.9499614595092077,-117.21270447605603
0.9387760596093725,-0.3651950496640157,-0.21556322066124428,0.24689064859259904,47.520703599943936
0.5948250445719425,-0.09742885966219444,1.6296204275084372,-0.2957367473254611,50.94026887444862
0.8341599380483007,-1.332666518356675,-0.6505594682770482,0.853551424450749,17.434695180112975
0.8609762667717196,-0.6070057236276056,0.5326284712915413,-1.3483878474038042,-84.39423548224507
0.9776563527773213,0.5074848409491272,-0.6030081209576046,0.5524044693317601,127.4640082794483
-0.49142027027783,-0.07104984560283065,-0.32557953189985334,1.2844345130691965,65.81733924714631
-0.790165465062822,-0.8337642807718657,0.16858386375065068,0.6594907094882074,-33.87947574859594
0.9360661397073866,0.9473841326231185,0.6101320583007573,-0.2643458239563439,133.59410097012358
0.9660385272486772,-0.3719763764403043,0.5444964428119646,0.3203805882896725,101.62399975312466
0.9269886847011307,0.3518090577047621,-1.0467723604370298,-0.6230647767704728,21.904399713338073
-0.19919876008944642,-0.974065606619215,1.4653576107255113,1.2216563556366298,57.48964518344855
0.8631909844368042,-0.21076494435652005,1.7082478257535414,0.8242544494545705,161.73116487976247
-0.4252859086549213,0.05943272115214067,-0.9266440521034731,-0.12127191574448919,-65.26357158440997
-0.5175125821325499,-0.4826918204858176,-0.984149173471559,-1.3598429011223512,-230.94392136268146
1.573295471488908,0.2466753495869987,-0.043744860452241595,1.4475477097608915,258.94928933058156
0.2835467677464249,-0.28418854718462017,-1.4176243039789855,0.40467117362170296,-8.334668540974643
0.009584311562925869,0.7211201803764036,2.0499512768459365,-2.655167113102231,-127.89613720347228
-0.3277332917176509,2.3332554212760543,1.3535532040877059,2.867586271370915,417.67513806220114
0.41249269688051343,-1.0739182929658408,-0.3123598839903618,0.26532956790474344,-33.21498339257377
-1.4100164225121832,-1.2810490947705047,0.026426277422266543,0.9769728199074373,-89.54563398185981
0.4530634967621815,1.908186402054953,-0.4618276073538335,0.07679226008987836,146.558002206547
0.42414943356886947,-0.3064489954023738,-0.4304999499158411,2.220938357318373,196.31315532348955
-0.02121986118772326,0.4485870291577791,1.6806690844961008,-2.168822136566503,-109.09980376591663
-0.8771642782587379,0.6017541195743562,0.03927148663032122,1.113045842389115,61.831017312989154
0.7212269911465973,-0.6506244507311666,-1.0871752286554155,0.6324445934365324,22.108933683330868
-0.612799659560197,-0.9265927476847583,1.4488084385274194,0.5428091577151927,-23.2771451946628
-1.4361343351438356,-1.3838406160376169,-0.35505272698420703,-0.00838392232548123,-206.61042890594626
-1.4903781106555416,0.417098638136514,0.6368135042652032,-0.9497507626043226,-145.16515581297378
0.29324223208330746,-0.9322854515538331,0.010393131735058805,-0.42889833732558114,-64.16785325002311
-0.5962363451359739,0.05242479077588019,-0.2124936979121735,-2.580266885076995,-260.80858836466996
0.06332659087317573,-1.481034687041386,-0.9328911879213303,-0.9773423292655652,-204.46551108635336
0.6370251595794804,-0.9045787925737495,-0.21524339076315524,0.27298615701532536,-3.783183251411285
0.7275753001515212,-0.4556155755614423,-1.2279677487167675,-1.595102648768768,-159.16231624148233
-0.044640493317206605,-0.18602515287694588,1.3468256586239824,-0.763441071057063,-42.81249200704054
-0.08867636330821657,0.343061931079667,-0.05759499822863287,-1.5492240615871984,-122.52519802601073
0.5919805003730808,0.791580807701448,0.6385951703773425,0.03827634271714162,118.78388489978187
0.3852077678678244,0.43158227985806896,-0.6486501063860456,-1.862022946918032,-132.60777855923942
-0.3102694426118353,-0.6030093241262973,-1.4263329279708885,-0.1929144386146497,-113.64441106008584
-0.4210812869173986,0.6710587235442693,0.7556997771581482,-0.8215407995892983,-40.32489897465722
